{
  "formatVersion": 1,
  "database": {
    "version": 1,
    "identityHash": "d4764f36375935384400c56f7ea31f9b",
    "entities": [
      {
        "tableName": "singleCurrency",
        "createSql": "CREATE TABLE IF NOT EXISTS `${TABLE_NAME}` (`index` INTEGER NOT NULL, `name` TEXT NOT NULL, `code` TEXT NOT NULL, `rate` TEXT NOT NULL, PRIMARY KEY(`index`))",
        "fields": [
          {
            "fieldPath": "index",
            "columnName": "index",
            "affinity": "INTEGER",
            "notNull": true
          },
          {
            "fieldPath": "name",
            "columnName": "name",
            "affinity": "TEXT",
            "notNull": true
          },
          {
            "fieldPath": "code",
            "columnName": "code",
            "affinity": "TEXT",
            "notNull": true
          },
          {
            "fieldPath": "rate",
            "columnName": "rate",
            "affinity": "TEXT",
            "notNull": true
          }
        ],
        "primaryKey": {
          "columnNames": [
            "index"
          ],
          "autoGenerate": false
        },
        "indices": [],
        "foreignKeys": []
      }
    ],
    "views": [],
    "setupQueries": [
      "CREATE TABLE IF NOT EXISTS room_master_table (id INTEGER PRIMARY KEY,identity_hash TEXT)",
      "INSERT OR REPLACE INTO room_master_table (id,identity_hash) VALUES(42, 'd4764f36375935384400c56f7ea31f9b')"
    ]
  }
}